FileName1,NumberOfNucleotides1,NumberOfWeakBonds1,IsPseudoknotted1,TimeToGenerateStructuralSequence1[ns],FileName2,NumberOfNucleotides2,NumberOfWeakBonds2,IsPseudoknotted2,TimeToGenerateStructuralSequence2[ns],MaxNumberOfNucleotides1-2,SERNADistance,TimeToCalculateSERNADistance[ns]
"CRW_23S_E_A_27.ct",3946,1091,Yes,15115042,"CRW_23S_E_A_28.ct",4381,1147,Yes,61268333,4381,2238,32452959
"CRW_23S_E_A_27.ct",3946,1091,Yes,15115042,"CRW_23S_E_A_4.ct",2700,782,Yes,1655875,3946,1873,19347500
"CRW_23S_E_A_27.ct",3946,1091,Yes,15115042,"CRW_23S_E_F_20.ct",3273,704,No,1363833,3946,1795,3118708
"CRW_23S_E_A_27.ct",3946,1091,Yes,15115042,"CRW_23S_E_F_21.ct",4216,739,Yes,1473417,4216,1830,3265125
"CRW_23S_E_A_27.ct",3946,1091,Yes,15115042,"CRW_23S_E_F_29.ct",3554,1066,Yes,3066000,3946,966,4767666
"CRW_23S_E_A_27.ct",3946,1091,Yes,15115042,"CRW_23S_E_G_2.ct",2926,863,Yes,1977250,3946,1954,4024584
"CRW_23S_E_A_27.ct",3946,1091,Yes,15115042,"CRW_23S_E_M_12.ct",953,219,No,131750,3946,1310,1120667
"CRW_23S_E_A_27.ct",3946,1091,Yes,15115042,"CRW_23S_E_M_13.ct",1335,316,Yes,270958,3946,1407,3251708
"CRW_23S_E_A_27.ct",3946,1091,Yes,15115042,"CRW_23S_E_M_15.ct",1275,300,Yes,246875,3946,1391,1441042
"CRW_23S_E_A_27.ct",3946,1091,Yes,15115042,"CRW_23S_E_M_17.ct",1279,275,No,201500,3946,1366,1264042
"CRW_23S_E_A_27.ct",3946,1091,Yes,15115042,"CRW_23S_E_M_18.ct",1244,314,Yes,298875,3946,1405,1484292
"CRW_23S_E_A_27.ct",3946,1091,Yes,15115042,"CRW_23S_E_M_19.ct",1411,317,Yes,274416,3946,1408,1529250
"CRW_23S_E_A_27.ct",3946,1091,Yes,15115042,"CRW_23S_E_M_22.ct",1640,372,No,379667,3946,1463,3739042
"CRW_23S_E_A_27.ct",3946,1091,Yes,15115042,"CRW_23S_E_M_7.ct",1035,268,Yes,451375,3946,1359,1809958
"CRW_23S_E_A_27.ct",3946,1091,Yes,15115042,"CRW_23S_E_V_1.ct",2902,850,Yes,1932666,3946,1941,4060625
"CRW_23S_E_A_27.ct",3946,1091,Yes,15115042,"CRW_23S_E_V_23.ct",3514,746,Yes,1496334,3946,1837,3512792
"CRW_23S_E_A_27.ct",3946,1091,Yes,15115042,"CRW_23S_E_V_24.ct",3539,998,No,2737000,3946,2089,4943833
"CRW_23S_E_A_27.ct",3946,1091,Yes,15115042,"CRW_23S_E_V_26.ct",3541,1012,No,2976042,3946,2103,4590041
"CRW_23S_E_A_27.ct",3946,1091,Yes,15115042,"CRW_23S_E_V_5.ct",2913,851,Yes,2091042,3946,1942,4042833
"CRW_23S_E_A_27.ct",3946,1091,Yes,15115042,"CRW_23S_E_V_6.ct",2985,884,Yes,2061167,3946,1975,4228500
"CRW_23S_E_A_28.ct",4381,1147,Yes,61268333,"CRW_23S_E_A_4.ct",2700,782,Yes,1655875,4381,1929,3903917
"CRW_23S_E_A_28.ct",4381,1147,Yes,61268333,"CRW_23S_E_F_20.ct",3273,704,No,1363833,4381,1851,3626875
"CRW_23S_E_A_28.ct",4381,1147,Yes,61268333,"CRW_23S_E_F_21.ct",4216,739,Yes,1473417,4381,1886,3696334
"CRW_23S_E_A_28.ct",4381,1147,Yes,61268333,"CRW_23S_E_F_29.ct",3554,1066,Yes,3066000,4381,2213,7743333
"CRW_23S_E_A_28.ct",4381,1147,Yes,61268333,"CRW_23S_E_G_2.ct",2926,863,Yes,1977250,4381,2010,3804250
"CRW_23S_E_A_28.ct",4381,1147,Yes,61268333,"CRW_23S_E_M_12.ct",953,219,No,131750,4381,1366,1065458
"CRW_23S_E_A_28.ct",4381,1147,Yes,61268333,"CRW_23S_E_M_13.ct",1335,316,Yes,270958,4381,1463,1494708
"CRW_23S_E_A_28.ct",4381,1147,Yes,61268333,"CRW_23S_E_M_15.ct",1275,300,Yes,246875,4381,1447,1434708
"CRW_23S_E_A_28.ct",4381,1147,Yes,61268333,"CRW_23S_E_M_17.ct",1279,275,No,201500,4381,1422,1361250
"CRW_23S_E_A_28.ct",4381,1147,Yes,61268333,"CRW_23S_E_M_18.ct",1244,314,Yes,298875,4381,1461,1519833
"CRW_23S_E_A_28.ct",4381,1147,Yes,61268333,"CRW_23S_E_M_19.ct",1411,317,Yes,274416,4381,1464,1607917
"CRW_23S_E_A_28.ct",4381,1147,Yes,61268333,"CRW_23S_E_M_22.ct",1640,372,No,379667,4381,1519,1735041
"CRW_23S_E_A_28.ct",4381,1147,Yes,61268333,"CRW_23S_E_M_7.ct",1035,268,Yes,451375,4381,1415,1274541
"CRW_23S_E_A_28.ct",4381,1147,Yes,61268333,"CRW_23S_E_V_1.ct",2902,850,Yes,1932666,4381,1997,3922250
"CRW_23S_E_A_28.ct",4381,1147,Yes,61268333,"CRW_23S_E_V_23.ct",3514,746,Yes,1496334,4381,1893,4104000
"CRW_23S_E_A_28.ct",4381,1147,Yes,61268333,"CRW_23S_E_V_24.ct",3539,998,No,2737000,4381,2145,7432917
"CRW_23S_E_A_28.ct",4381,1147,Yes,61268333,"CRW_23S_E_V_26.ct",3541,1012,No,2976042,4381,2159,8328292
"CRW_23S_E_A_28.ct",4381,1147,Yes,61268333,"CRW_23S_E_V_5.ct",2913,851,Yes,2091042,4381,1998,4620875
"CRW_23S_E_A_28.ct",4381,1147,Yes,61268333,"CRW_23S_E_V_6.ct",2985,884,Yes,2061167,4381,2031,4435250
"CRW_23S_E_A_4.ct",2700,782,Yes,1655875,"CRW_23S_E_F_20.ct",3273,704,No,1363833,3273,1470,2624416
"CRW_23S_E_A_4.ct",2700,782,Yes,1655875,"CRW_23S_E_F_21.ct",4216,739,Yes,1473417,4216,1505,2614000
"CRW_23S_E_A_4.ct",2700,782,Yes,1655875,"CRW_23S_E_F_29.ct",3554,1066,Yes,3066000,3554,1848,3610666
"CRW_23S_E_A_4.ct",2700,782,Yes,1655875,"CRW_23S_E_G_2.ct",2926,863,Yes,1977250,2926,1629,3070958
"CRW_23S_E_A_4.ct",2700,782,Yes,1655875,"CRW_23S_E_M_12.ct",953,219,No,131750,2700,989,890167
"CRW_23S_E_A_4.ct",2700,782,Yes,1655875,"CRW_23S_E_M_13.ct",1335,316,Yes,270958,2700,1088,1250917
"CRW_23S_E_A_4.ct",2700,782,Yes,1655875,"CRW_23S_E_M_15.ct",1275,300,Yes,246875,2700,1066,1175709
"CRW_23S_E_A_4.ct",2700,782,Yes,1655875,"CRW_23S_E_M_17.ct",1279,275,No,201500,2700,1041,1164500
"CRW_23S_E_A_4.ct",2700,782,Yes,1655875,"CRW_23S_E_M_18.ct",1244,314,Yes,298875,2700,1082,1289875
"CRW_23S_E_A_4.ct",2700,782,Yes,1655875,"CRW_23S_E_M_19.ct",1411,317,Yes,274416,2700,1085,1234458
"CRW_23S_E_A_4.ct",2700,782,Yes,1655875,"CRW_23S_E_M_22.ct",1640,372,No,379667,2700,1138,1393625
"CRW_23S_E_A_4.ct",2700,782,Yes,1655875,"CRW_23S_E_M_7.ct",1035,268,Yes,451375,2700,1036,1005875
"CRW_23S_E_A_4.ct",2700,782,Yes,1655875,"CRW_23S_E_V_1.ct",2902,850,Yes,1932666,2902,1620,3058583
"CRW_23S_E_A_4.ct",2700,782,Yes,1655875,"CRW_23S_E_V_23.ct",3514,746,Yes,1496334,3514,1512,2675250
"CRW_23S_E_A_4.ct",2700,782,Yes,1655875,"CRW_23S_E_V_24.ct",3539,998,No,2737000,3539,1780,3361708
"CRW_23S_E_A_4.ct",2700,782,Yes,1655875,"CRW_23S_E_V_26.ct",3541,1012,No,2976042,3541,1794,5571625
"CRW_23S_E_A_4.ct",2700,782,Yes,1655875,"CRW_23S_E_V_5.ct",2913,851,Yes,2091042,2913,1619,2695625
"CRW_23S_E_A_4.ct",2700,782,Yes,1655875,"CRW_23S_E_V_6.ct",2985,884,Yes,2061167,2985,1650,2806458
"CRW_23S_E_F_20.ct",3273,704,No,1363833,"CRW_23S_E_F_21.ct",4216,739,Yes,1473417,4216,1443,2238834
"CRW_23S_E_F_20.ct",3273,704,No,1363833,"CRW_23S_E_F_29.ct",3554,1066,Yes,3066000,3554,1770,3011667
"CRW_23S_E_F_20.ct",3273,704,No,1363833,"CRW_23S_E_G_2.ct",2926,863,Yes,1977250,3273,1551,2415625
"CRW_23S_E_F_20.ct",3273,704,No,1363833,"CRW_23S_E_M_12.ct",953,219,No,131750,3273,904,1318625
"CRW_23S_E_F_20.ct",3273,704,No,1363833,"CRW_23S_E_M_13.ct",1335,316,Yes,270958,3273,1003,1265709
"CRW_23S_E_F_20.ct",3273,704,No,1363833,"CRW_23S_E_M_15.ct",1275,300,Yes,246875,3273,981,1023458
"CRW_23S_E_F_20.ct",3273,704,No,1363833,"CRW_23S_E_M_17.ct",1279,275,No,201500,3273,954,917125
"CRW_23S_E_F_20.ct",3273,704,No,1363833,"CRW_23S_E_M_18.ct",1244,314,Yes,298875,3273,997,1047958
"CRW_23S_E_F_20.ct",3273,704,No,1363833,"CRW_23S_E_M_19.ct",1411,317,Yes,274416,3273,1000,1067417
"CRW_23S_E_F_20.ct",3273,704,No,1363833,"CRW_23S_E_M_22.ct",1640,372,No,379667,3273,1050,1210083
"CRW_23S_E_F_20.ct",3273,704,No,1363833,"CRW_23S_E_M_7.ct",1035,268,Yes,451375,3273,951,883625
"CRW_23S_E_F_20.ct",3273,704,No,1363833,"CRW_23S_E_V_1.ct",2902,850,Yes,1932666,3273,1542,2489834
"CRW_23S_E_F_20.ct",3273,704,No,1363833,"CRW_23S_E_V_23.ct",3514,746,Yes,1496334,3514,1450,2156500
"CRW_23S_E_F_20.ct",3273,704,No,1363833,"CRW_23S_E_V_24.ct",3539,998,No,2737000,3539,1702,2827000
"CRW_23S_E_F_20.ct",3273,704,No,1363833,"CRW_23S_E_V_26.ct",3541,1012,No,2976042,3541,1716,2807792
"CRW_23S_E_F_20.ct",3273,704,No,1363833,"CRW_23S_E_V_5.ct",2913,851,Yes,2091042,3273,1541,2483084
"CRW_23S_E_F_20.ct",3273,704,No,1363833,"CRW_23S_E_V_6.ct",2985,884,Yes,2061167,3273,1572,2511375
"CRW_23S_E_F_21.ct",4216,739,Yes,1473417,"CRW_23S_E_F_29.ct",3554,1066,Yes,3066000,4216,1805,3563666
"CRW_23S_E_F_21.ct",4216,739,Yes,1473417,"CRW_23S_E_G_2.ct",2926,863,Yes,1977250,4216,1586,3204833
"CRW_23S_E_F_21.ct",4216,739,Yes,1473417,"CRW_23S_E_M_12.ct",953,219,No,131750,4216,958,883125
"CRW_23S_E_F_21.ct",4216,739,Yes,1473417,"CRW_23S_E_M_13.ct",1335,316,Yes,270958,4216,1055,1237541
"CRW_23S_E_F_21.ct",4216,739,Yes,1473417,"CRW_23S_E_M_15.ct",1275,300,Yes,246875,4216,1039,1176292
"CRW_23S_E_F_21.ct",4216,739,Yes,1473417,"CRW_23S_E_M_17.ct",1279,275,No,201500,4216,1014,1095167
"CRW_23S_E_F_21.ct",4216,739,Yes,1473417,"CRW_23S_E_M_18.ct",1244,314,Yes,298875,4216,1053,1245334
"CRW_23S_E_F_21.ct",4216,739,Yes,1473417,"CRW_23S_E_M_19.ct",1411,317,Yes,274416,4216,1056,1262084
"CRW_23S_E_F_21.ct",4216,739,Yes,1473417,"CRW_23S_E_M_22.ct",1640,372,No,379667,4216,1111,1461791
"CRW_23S_E_F_21.ct",4216,739,Yes,1473417,"CRW_23S_E_M_7.ct",1035,268,Yes,451375,4216,1007,1070333
"CRW_23S_E_F_21.ct",4216,739,Yes,1473417,"CRW_23S_E_V_1.ct",2902,850,Yes,1932666,4216,1577,3070333
"CRW_23S_E_F_21.ct",4216,739,Yes,1473417,"CRW_23S_E_V_23.ct",3514,746,Yes,1496334,4216,685,2659458
"CRW_23S_E_F_21.ct",4216,739,Yes,1473417,"CRW_23S_E_V_24.ct",3539,998,No,2737000,4216,1737,3318708
"CRW_23S_E_F_21.ct",4216,739,Yes,1473417,"CRW_23S_E_V_26.ct",3541,1012,No,2976042,4216,1751,3404250
"CRW_23S_E_F_21.ct",4216,739,Yes,1473417,"CRW_23S_E_V_5.ct",2913,851,Yes,2091042,4216,1576,3009958
"CRW_23S_E_F_21.ct",4216,739,Yes,1473417,"CRW_23S_E_V_6.ct",2985,884,Yes,2061167,4216,1607,3079417
"CRW_23S_E_F_29.ct",3554,1066,Yes,3066000,"CRW_23S_E_G_2.ct",2926,863,Yes,1977250,3554,1929,4480500
"CRW_23S_E_F_29.ct",3554,1066,Yes,3066000,"CRW_23S_E_M_12.ct",953,219,No,131750,3554,1285,1267334
"CRW_23S_E_F_29.ct",3554,1066,Yes,3066000,"CRW_23S_E_M_13.ct",1335,316,Yes,270958,3554,1382,4101333
"CRW_23S_E_F_29.ct",3554,1066,Yes,3066000,"CRW_23S_E_M_15.ct",1275,300,Yes,246875,3554,1366,1712333
"CRW_23S_E_F_29.ct",3554,1066,Yes,3066000,"CRW_23S_E_M_17.ct",1279,275,No,201500,3554,1341,1577958
"CRW_23S_E_F_29.ct",3554,1066,Yes,3066000,"CRW_23S_E_M_18.ct",1244,314,Yes,298875,3554,1380,1786958
"CRW_23S_E_F_29.ct",3554,1066,Yes,3066000,"CRW_23S_E_M_19.ct",1411,317,Yes,274416,3554,1383,1807291
"CRW_23S_E_F_29.ct",3554,1066,Yes,3066000,"CRW_23S_E_M_22.ct",1640,372,No,379667,3554,1438,2081125
"CRW_23S_E_F_29.ct",3554,1066,Yes,3066000,"CRW_23S_E_M_7.ct",1035,268,Yes,451375,3554,1334,1571250
"CRW_23S_E_F_29.ct",3554,1066,Yes,3066000,"CRW_23S_E_V_1.ct",2902,850,Yes,1932666,3554,1916,4429708
"CRW_23S_E_F_29.ct",3554,1066,Yes,3066000,"CRW_23S_E_V_23.ct",3514,746,Yes,1496334,3554,1812,3911916
"CRW_23S_E_F_29.ct",3554,1066,Yes,3066000,"CRW_23S_E_V_24.ct",3539,998,No,2737000,3554,2064,5142750
"CRW_23S_E_F_29.ct",3554,1066,Yes,3066000,"CRW_23S_E_V_26.ct",3541,1012,No,2976042,3554,2078,5112000
"CRW_23S_E_F_29.ct",3554,1066,Yes,3066000,"CRW_23S_E_V_5.ct",2913,851,Yes,2091042,3554,1917,4432625
"CRW_23S_E_F_29.ct",3554,1066,Yes,3066000,"CRW_23S_E_V_6.ct",2985,884,Yes,2061167,3554,1950,4561416
"CRW_23S_E_G_2.ct",2926,863,Yes,1977250,"CRW_23S_E_M_12.ct",953,219,No,131750,2926,1070,1024708
"CRW_23S_E_G_2.ct",2926,863,Yes,1977250,"CRW_23S_E_M_13.ct",1335,316,Yes,270958,2926,1169,1447709
"CRW_23S_E_G_2.ct",2926,863,Yes,1977250,"CRW_23S_E_M_15.ct",1275,300,Yes,246875,2926,1147,1385750
"CRW_23S_E_G_2.ct",2926,863,Yes,1977250,"CRW_23S_E_M_17.ct",1279,275,No,201500,2926,1122,1267583
"CRW_23S_E_G_2.ct",2926,863,Yes,1977250,"CRW_23S_E_M_18.ct",1244,314,Yes,298875,2926,1163,1433500
"CRW_23S_E_G_2.ct",2926,863,Yes,1977250,"CRW_23S_E_M_19.ct",1411,317,Yes,274416,2926,1166,1490375
"CRW_23S_E_G_2.ct",2926,863,Yes,1977250,"CRW_23S_E_M_22.ct",1640,372,No,379667,2926,1219,1708625
"CRW_23S_E_G_2.ct",2926,863,Yes,1977250,"CRW_23S_E_M_7.ct",1035,268,Yes,451375,2926,1117,1262042
"CRW_23S_E_G_2.ct",2926,863,Yes,1977250,"CRW_23S_E_V_1.ct",2902,850,Yes,1932666,2926,800,3518083
"CRW_23S_E_G_2.ct",2926,863,Yes,1977250,"CRW_23S_E_V_23.ct",3514,746,Yes,1496334,3514,1593,3128917
"CRW_23S_E_G_2.ct",2926,863,Yes,1977250,"CRW_23S_E_V_24.ct",3539,998,No,2737000,3539,1861,3943709
"CRW_23S_E_G_2.ct",2926,863,Yes,1977250,"CRW_23S_E_V_26.ct",3541,1012,No,2976042,3541,1875,4147834
"CRW_23S_E_G_2.ct",2926,863,Yes,1977250,"CRW_23S_E_V_5.ct",2913,851,Yes,2091042,2926,784,3518833
"CRW_23S_E_G_2.ct",2926,863,Yes,1977250,"CRW_23S_E_V_6.ct",2985,884,Yes,2061167,2985,763,3649041
"CRW_23S_E_M_12.ct",953,219,No,131750,"CRW_23S_E_M_13.ct",1335,316,Yes,270958,1335,535,347833
"CRW_23S_E_M_12.ct",953,219,No,131750,"CRW_23S_E_M_15.ct",1275,300,Yes,246875,1275,519,356042
"CRW_23S_E_M_12.ct",953,219,No,131750,"CRW_23S_E_M_17.ct",1279,275,No,201500,1279,494,307000
"CRW_23S_E_M_12.ct",953,219,No,131750,"CRW_23S_E_M_18.ct",1244,314,Yes,298875,1244,533,342708
"CRW_23S_E_M_12.ct",953,219,No,131750,"CRW_23S_E_M_19.ct",1411,317,Yes,274416,1411,536,341417
"CRW_23S_E_M_12.ct",953,219,No,131750,"CRW_23S_E_M_22.ct",1640,372,No,379667,1640,591,388833
"CRW_23S_E_M_12.ct",953,219,No,131750,"CRW_23S_E_M_7.ct",1035,268,Yes,451375,1035,487,303750
"CRW_23S_E_M_12.ct",953,219,No,131750,"CRW_23S_E_V_1.ct",2902,850,Yes,1932666,2902,1059,890333
"CRW_23S_E_M_12.ct",953,219,No,131750,"CRW_23S_E_V_23.ct",3514,746,Yes,1496334,3514,965,760625
"CRW_23S_E_M_12.ct",953,219,No,131750,"CRW_23S_E_V_24.ct",3539,998,No,2737000,3539,1217,969500
"CRW_23S_E_M_12.ct",953,219,No,131750,"CRW_23S_E_V_26.ct",3541,1012,No,2976042,3541,1231,1019708
"CRW_23S_E_M_12.ct",953,219,No,131750,"CRW_23S_E_V_5.ct",2913,851,Yes,2091042,2913,1059,1042417
"CRW_23S_E_M_12.ct",953,219,No,131750,"CRW_23S_E_V_6.ct",2985,884,Yes,2061167,2985,1091,922958
"CRW_23S_E_M_13.ct",1335,316,Yes,270958,"CRW_23S_E_M_15.ct",1275,300,Yes,246875,1335,616,559833
"CRW_23S_E_M_13.ct",1335,316,Yes,270958,"CRW_23S_E_M_17.ct",1279,275,No,201500,1335,591,510959
"CRW_23S_E_M_13.ct",1335,316,Yes,270958,"CRW_23S_E_M_18.ct",1244,314,Yes,298875,1335,254,601084
"CRW_23S_E_M_13.ct",1335,316,Yes,270958,"CRW_23S_E_M_19.ct",1411,317,Yes,274416,1411,281,596875
"CRW_23S_E_M_13.ct",1335,316,Yes,270958,"CRW_23S_E_M_22.ct",1640,372,No,379667,1640,688,689958
"CRW_23S_E_M_13.ct",1335,316,Yes,270958,"CRW_23S_E_M_7.ct",1035,268,Yes,451375,1335,584,506917
"CRW_23S_E_M_13.ct",1335,316,Yes,270958,"CRW_23S_E_V_1.ct",2902,850,Yes,1932666,2902,1158,1314791
"CRW_23S_E_M_13.ct",1335,316,Yes,270958,"CRW_23S_E_V_23.ct",3514,746,Yes,1496334,3514,1062,1162333
"CRW_23S_E_M_13.ct",1335,316,Yes,270958,"CRW_23S_E_V_24.ct",3539,998,No,2737000,3539,1314,4963500
"CRW_23S_E_M_13.ct",1335,316,Yes,270958,"CRW_23S_E_V_26.ct",3541,1012,No,2976042,3541,1328,1690750
"CRW_23S_E_M_13.ct",1335,316,Yes,270958,"CRW_23S_E_V_5.ct",2913,851,Yes,2091042,2913,1158,1501667
"CRW_23S_E_M_13.ct",1335,316,Yes,270958,"CRW_23S_E_V_6.ct",2985,884,Yes,2061167,2985,1190,1544833
"CRW_23S_E_M_15.ct",1275,300,Yes,246875,"CRW_23S_E_M_17.ct",1279,275,No,201500,1279,575,539583
"CRW_23S_E_M_15.ct",1275,300,Yes,246875,"CRW_23S_E_M_18.ct",1244,314,Yes,298875,1275,614,635833
"CRW_23S_E_M_15.ct",1275,300,Yes,246875,"CRW_23S_E_M_19.ct",1411,317,Yes,274416,1411,617,609750
"CRW_23S_E_M_15.ct",1275,300,Yes,246875,"CRW_23S_E_M_22.ct",1640,372,No,379667,1640,672,674000
"CRW_23S_E_M_15.ct",1275,300,Yes,246875,"CRW_23S_E_M_7.ct",1035,268,Yes,451375,1275,568,520541
"CRW_23S_E_M_15.ct",1275,300,Yes,246875,"CRW_23S_E_V_1.ct",2902,850,Yes,1932666,2902,1138,1586167
"CRW_23S_E_M_15.ct",1275,300,Yes,246875,"CRW_23S_E_V_23.ct",3514,746,Yes,1496334,3514,1046,1252833
"CRW_23S_E_M_15.ct",1275,300,Yes,246875,"CRW_23S_E_V_24.ct",3539,998,No,2737000,3539,1298,1667542
"CRW_23S_E_M_15.ct",1275,300,Yes,246875,"CRW_23S_E_V_26.ct",3541,1012,No,2976042,3541,1312,1982625
"CRW_23S_E_M_15.ct",1275,300,Yes,246875,"CRW_23S_E_V_5.ct",2913,851,Yes,2091042,2913,1137,1468250
"CRW_23S_E_M_15.ct",1275,300,Yes,246875,"CRW_23S_E_V_6.ct",2985,884,Yes,2061167,2985,1168,1562667
"CRW_23S_E_M_17.ct",1279,275,No,201500,"CRW_23S_E_M_18.ct",1244,314,Yes,298875,1279,589,668000
"CRW_23S_E_M_17.ct",1279,275,No,201500,"CRW_23S_E_M_19.ct",1411,317,Yes,274416,1411,592,760833
"CRW_23S_E_M_17.ct",1279,275,No,201500,"CRW_23S_E_M_22.ct",1640,372,No,379667,1640,647,717708
"CRW_23S_E_M_17.ct",1279,275,No,201500,"CRW_23S_E_M_7.ct",1035,268,Yes,451375,1279,543,582292
"CRW_23S_E_M_17.ct",1279,275,No,201500,"CRW_23S_E_V_1.ct",2902,850,Yes,1932666,2902,1113,1326625
"CRW_23S_E_M_17.ct",1279,275,No,201500,"CRW_23S_E_V_23.ct",3514,746,Yes,1496334,3514,1021,1158709
"CRW_23S_E_M_17.ct",1279,275,No,201500,"CRW_23S_E_V_24.ct",3539,998,No,2737000,3539,1273,1678666
"CRW_23S_E_M_17.ct",1279,275,No,201500,"CRW_23S_E_V_26.ct",3541,1012,No,2976042,3541,1287,1645166
"CRW_23S_E_M_17.ct",1279,275,No,201500,"CRW_23S_E_V_5.ct",2913,851,Yes,2091042,2913,1112,1856667
"CRW_23S_E_M_17.ct",1279,275,No,201500,"CRW_23S_E_V_6.ct",2985,884,Yes,2061167,2985,1143,1323375
"CRW_23S_E_M_18.ct",1244,314,Yes,298875,"CRW_23S_E_M_19.ct",1411,317,Yes,274416,1411,274,640292
"CRW_23S_E_M_18.ct",1244,314,Yes,298875,"CRW_23S_E_M_22.ct",1640,372,No,379667,1640,686,723792
"CRW_23S_E_M_18.ct",1244,314,Yes,298875,"CRW_23S_E_M_7.ct",1035,268,Yes,451375,1244,582,549875
"CRW_23S_E_M_18.ct",1244,314,Yes,298875,"CRW_23S_E_V_1.ct",2902,850,Yes,1932666,2902,1152,1521000
"CRW_23S_E_M_18.ct",1244,314,Yes,298875,"CRW_23S_E_V_23.ct",3514,746,Yes,1496334,3514,1060,1429083
"CRW_23S_E_M_18.ct",1244,314,Yes,298875,"CRW_23S_E_V_24.ct",3539,998,No,2737000,3539,1312,1830209
"CRW_23S_E_M_18.ct",1244,314,Yes,298875,"CRW_23S_E_V_26.ct",3541,1012,No,2976042,3541,1326,2015916
"CRW_23S_E_M_18.ct",1244,314,Yes,298875,"CRW_23S_E_V_5.ct",2913,851,Yes,2091042,2913,1152,1675500
"CRW_23S_E_M_18.ct",1244,314,Yes,298875,"CRW_23S_E_V_6.ct",2985,884,Yes,2061167,2985,1184,2643166
"CRW_23S_E_M_19.ct",1411,317,Yes,274416,"CRW_23S_E_M_22.ct",1640,372,No,379667,1640,689,702834
"CRW_23S_E_M_19.ct",1411,317,Yes,274416,"CRW_23S_E_M_7.ct",1035,268,Yes,451375,1411,585,560250
"CRW_23S_E_M_19.ct",1411,317,Yes,274416,"CRW_23S_E_V_1.ct",2902,850,Yes,1932666,2902,1155,1460917
"CRW_23S_E_M_19.ct",1411,317,Yes,274416,"CRW_23S_E_V_23.ct",3514,746,Yes,1496334,3514,1063,1170917
"CRW_23S_E_M_19.ct",1411,317,Yes,274416,"CRW_23S_E_V_24.ct",3539,998,No,2737000,3539,1315,1500708
"CRW_23S_E_M_19.ct",1411,317,Yes,274416,"CRW_23S_E_V_26.ct",3541,1012,No,2976042,3541,1329,1637333
"CRW_23S_E_M_19.ct",1411,317,Yes,274416,"CRW_23S_E_V_5.ct",2913,851,Yes,2091042,2913,1155,1409000
"CRW_23S_E_M_19.ct",1411,317,Yes,274416,"CRW_23S_E_V_6.ct",2985,884,Yes,2061167,2985,1187,1469959
"CRW_23S_E_M_22.ct",1640,372,No,379667,"CRW_23S_E_M_7.ct",1035,268,Yes,451375,1640,640,607000
"CRW_23S_E_M_22.ct",1640,372,No,379667,"CRW_23S_E_V_1.ct",2902,850,Yes,1932666,2902,1210,1610708
"CRW_23S_E_M_22.ct",1640,372,No,379667,"CRW_23S_E_V_23.ct",3514,746,Yes,1496334,3514,1118,1412792
"CRW_23S_E_M_22.ct",1640,372,No,379667,"CRW_23S_E_V_24.ct",3539,998,No,2737000,3539,1370,1760709
"CRW_23S_E_M_22.ct",1640,372,No,379667,"CRW_23S_E_V_26.ct",3541,1012,No,2976042,3541,1384,1839834
"CRW_23S_E_M_22.ct",1640,372,No,379667,"CRW_23S_E_V_5.ct",2913,851,Yes,2091042,2913,1209,1565833
"CRW_23S_E_M_22.ct",1640,372,No,379667,"CRW_23S_E_V_6.ct",2985,884,Yes,2061167,2985,1240,1630250
"CRW_23S_E_M_7.ct",1035,268,Yes,451375,"CRW_23S_E_V_1.ct",2902,850,Yes,1932666,2902,1106,1101583
"CRW_23S_E_M_7.ct",1035,268,Yes,451375,"CRW_23S_E_V_23.ct",3514,746,Yes,1496334,3514,1014,965542
"CRW_23S_E_M_7.ct",1035,268,Yes,451375,"CRW_23S_E_V_24.ct",3539,998,No,2737000,3539,1266,1282542
"CRW_23S_E_M_7.ct",1035,268,Yes,451375,"CRW_23S_E_V_26.ct",3541,1012,No,2976042,3541,1280,1271291
"CRW_23S_E_M_7.ct",1035,268,Yes,451375,"CRW_23S_E_V_5.ct",2913,851,Yes,2091042,2913,1106,1110625
"CRW_23S_E_M_7.ct",1035,268,Yes,451375,"CRW_23S_E_V_6.ct",2985,884,Yes,2061167,2985,1138,1198709
"CRW_23S_E_V_1.ct",2902,850,Yes,1932666,"CRW_23S_E_V_23.ct",3514,746,Yes,1496334,3514,1584,3555916
"CRW_23S_E_V_1.ct",2902,850,Yes,1932666,"CRW_23S_E_V_24.ct",3539,998,No,2737000,3539,1848,4571583
"CRW_23S_E_V_1.ct",2902,850,Yes,1932666,"CRW_23S_E_V_26.ct",3541,1012,No,2976042,3541,1862,3957334
"CRW_23S_E_V_1.ct",2902,850,Yes,1932666,"CRW_23S_E_V_5.ct",2913,851,Yes,2091042,2913,521,3384084
"CRW_23S_E_V_1.ct",2902,850,Yes,1932666,"CRW_23S_E_V_6.ct",2985,884,Yes,2061167,2985,1718,3496125
"CRW_23S_E_V_23.ct",3514,746,Yes,1496334,"CRW_23S_E_V_24.ct",3539,998,No,2737000,3539,1744,3281750
"CRW_23S_E_V_23.ct",3514,746,Yes,1496334,"CRW_23S_E_V_26.ct",3541,1012,No,2976042,3541,1758,3384875
"CRW_23S_E_V_23.ct",3514,746,Yes,1496334,"CRW_23S_E_V_5.ct",2913,851,Yes,2091042,3514,1583,2889875
"CRW_23S_E_V_23.ct",3514,746,Yes,1496334,"CRW_23S_E_V_6.ct",2985,884,Yes,2061167,3514,1614,2606458
"CRW_23S_E_V_24.ct",3539,998,No,2737000,"CRW_23S_E_V_26.ct",3541,1012,No,2976042,3541,950,4017666
"CRW_23S_E_V_24.ct",3539,998,No,2737000,"CRW_23S_E_V_5.ct",2913,851,Yes,2091042,3539,1849,3491458
"CRW_23S_E_V_24.ct",3539,998,No,2737000,"CRW_23S_E_V_6.ct",2985,884,Yes,2061167,3539,1882,5870584
"CRW_23S_E_V_26.ct",3541,1012,No,2976042,"CRW_23S_E_V_5.ct",2913,851,Yes,2091042,3541,1863,3951250
"CRW_23S_E_V_26.ct",3541,1012,No,2976042,"CRW_23S_E_V_6.ct",2985,884,Yes,2061167,3541,1896,4037083
"CRW_23S_E_V_5.ct",2913,851,Yes,2091042,"CRW_23S_E_V_6.ct",2985,884,Yes,2061167,2985,1719,3316625
